site,date,latitude,longitude,epsg3857_x,epsg3857_y,Sampling time,Watershed,Location,Samplers,CCBOR_Rainfall_in,Flow rate (visual 0-5),Turbidity (visual 0-5),CCBOR_Temp,CCBOR_TDS,CCBOR_conductivity,CCBOR_salinity,CCBOR Notes,Stolz temp,Stolz Dop,SDO,Stolz pH,Pressure,Stolz SpC,Stolz conductivity,Stolz TDS,Flouride,Chloride,Nitrite,Bromide,Nitrate,Phosphate,Sulfate,Bicarbonate,Carbonate,Li,B,Na,Mg,Al,Si,P,K,Ca,Ti,V(mg/L),Cr(mg/L),Mn(mg/L),Fe,Co(mg/L),Ni(mg/L),Cu(mg/L),Zn(mg/L),As(mg/L),Se(mg/L),Rb(mg/L),Sr(mg/L),Mo(mg/L),Ag(mg/L),Cd(mg/L),Sn(mg/L),Sb(mg/L),Cs(mg/L),Ba(mg/L),W(mg/L),Pb(mg/L),Bi(mg/L),U(mg/L),Methane (ppb),Ethane (ppb),Ethene,Propane (ppb),Propylene (ppb),Butane
1,08/13/21,40.464786,-82.854767,-9223350.47223533,4933715.38098228,11:00:00 AM,West Branch Alum Creek,Upstream,"CH, BL, KM, SB, JP",0.25,1,1,24.8,648,934,448,,19.8,46.6,4.25,7.3,734.3,777,780,505.05,0.08,44.3,,,6.28,0.27,15.5,348.9,21.6,0.004,0.068,31.85,24.14,0.034,4.57,0.047,3.09,96.31,,0.001,,0.57,0.84,0.001,0.004,0.005,,0.004,0.001,0.001,0.73,0.0047,,0.0001,0.0014,0.0016,0.00001,0.04,,0.0002,,0.0025,16,,,,,
1,09/03/21,40.464786,-82.854767,-9223350.47223533,4933715.38098228,11:00:00 AM,West Branch Alum Creek,Upstream,"CH, BL, SB",0.2,1,1,20.1,771,1098,540,,,,,,,,,,,,,,,,,,,,,,,,,,,,,,,,,,,,,,,,,,,,,,,,,,,,,,,,,
1,09/17/21,40.464786,-82.854767,-9223350.47223533,4933715.38098228,11:00:00 AM,West Branch Alum Creek,Upstream,"BL, KM",0.02,0,,,,,,No Water,,,,,,,,,,,,,,,,,,,,,,,,,,,,,,,,,,,,,,,,,,,,,,,,,,,,,,,,
1,10/01/21,40.464786,-82.854767,-9223350.47223533,4933715.38098228,10:51:00 AM,West Branch Alum Creek,Upstream,"CH, KM, BK",0,1,1,18.1,669,957,452,,,,,,,,,,,,,,,,,,,,,,,,,,,,,,,,,,,,,,,,,,,,,,,,,,,,,,,,,
1,10/15/21,40.464786,-82.854767,-9223350.47223533,4933715.38098228,10:42:00 AM,West Branch Alum Creek,Upstream,"CH, KM, CO",0,1,1,20.6,1377,1365,970,data had question marks in GD,,,,,,,,,,,,,,,,,,,,,,,,,,,,,,,,,,,,,,,,,,,,,,,,,,,,,,,,
1,11/05/21,40.464786,-82.854767,-9223350.47223533,4933715.38098228,11:00:00 AM,West Branch Alum Creek,Upstream,"BL, KM, WP",0,0,0,8,446,635,304,,,,,,,,,,,,,,,,,,,,,,,,,,,,,,,,,,,,,,,,,,,,,,,,,,,,,,,,,
1,11/19/21,40.464786,-82.854767,-9223350.47223533,4933715.38098228,11:20:00 AM,West Branch Alum Creek,Upstream,BL. KM,0.23,2,2,8.9,369,527,252,,9.7,80,8.93,7.6,748.1,482,340.8,313.8,0.08,47.04,,,15.22,0.52,46.67,278.2,,0.006,0.012,30.76,24.56,0.207,4.73,0.167,1.97,79.56,0.007,0.0007,0.001,0.03,0.89,0.001,0.004,0.005,0.025,0.001,0.001,0.001,0.58,0.0032,,0.0003,,0.0045,<0.00001,0.04,,0.001,,0.0036,10,,,,,
1,12/05/21,40.464786,-82.854767,-9223350.47223533,4933715.38098228,,West Branch Alum Creek,Upstream,"CH, JP",0.03,2,1,7.3,426,609,294,,,,,,,,,,,,,,,,,,,,,,,,,,,,,,,,,,,,,,,,,,,,,,,,,,,,,,,,,
1,12/17/21,40.464786,-82.854767,-9223350.47223533,4933715.38098228,,West Branch Alum Creek,Upstream,"CH, SB",0,3,1,7,391,558,266,,,,,,,,,,,,,,,,,,,,,,,,,,,,,,,,,,,,,,,,,,,,,,,,,,,,,,,,,
1,12/30/21,40.464786,-82.854767,-9223350.47223533,4933715.38098228,10:45:00 AM,West Branch Alum Creek,Upstream,"SB, KM",0.8,4,3,6.7,151,217,101,,,,,,,,,,,,,,,,,,,,,,,,,,,,,,,,,,,,,,,,,,,,,,,,,,,,,,,,,
1,01/14/22,40.464786,-82.854767,-9223350.47223533,4933715.38098228,11:00:00 AM,West Branch Alum Creek,Upstream,"SB, KM",0,3,1,4.7,298,430,204,,,,,,,,,,,,,,,,,,,,,,,,,,,,,,,,,,,,,,,,,,,,,,,,,,,,,,,,,
1,01/28/22,40.464786,-82.854767,-9223350.47223533,4933715.38098228,12:00:00 PM,West Branch Alum Creek,Upstream,"CH, SB, KM",0,1,,1.8,471,678,324,frozen,,,,,,,,,,,,,,,,,,,,,,,,,,,,,,,,,,,,,,,,,,,,,,,,,,,,,,,,
1,02/11/22,40.464786,-82.854767,-9223350.47223533,4933715.38098228,10:15:00 AM,West Branch Alum Creek,Upstream,"SB, KM",0.01,2,1,4.1,331,476,220,snowy field,,,,,,,,,,,,,,,,,,,,,,,,,,,,,,,,,,,,,,,,,,,,,,,,,,,,,,,,
1,02/26/22,40.464786,-82.854767,-9223350.47223533,4933715.38098228,01:30:00 PM,West Branch Alum Creek,Upstream,"CH, KM",0.85,3,1,2.8,174,249,118,,,,,,,,,,,,,,,,,,,,,,,,,,,,,,,,,,,,,,,,,,,,,,,,,,,,,,,,,
1,03/11/22,40.464786,-82.854767,-9223350.47223533,4933715.38098228,10:00:00 AM,West Branch Alum Creek,Upstream,"SB, KM",0.01,1,1,8.7,237,347,163,,,,,,,,,,,,,,,,,,,,,,,,,,,,,,,,,,,,,,,,,,,,,,,,,,,,,,,,,
1,03/24/22,40.464786,-82.854767,-9223350.47223533,4933715.38098228,10:55:00 AM,West Branch Alum Creek,Upstream,"BL, CH, KM",0.12,3,2,9.9,275,399,189,,8,115.5,13.4,8.77,729.5,329.9,222.4,214.1,0.03,11.52,,,12.34,0.12,13.12,146.4,,0.002,,8.45,12.44,0.29,4.08,0.22,2.63,42.66,,0.0005,<0.001,0.01,0.37,<0.001,,,,0.002,,<0.001,0.18,0.0017,,,0.0001,<0.0001,0.00001,0.03,0.004,0.0013,,0.0008,19,,,,,
1,04/08/22,40.464786,-82.854767,-9223350.47223533,4933715.38098228,11:48:00 AM,West Branch Alum Creek,Upstream,"CH, KM",0.21,3,1,9.9,344,493,235,,,,,,,,,,,,,,,,,,,,,,,,,,,,,,,,,,,,,,,,,,,,,,,,,,,,,,,,,
1,04/22/22,40.464786,-82.854767,-9223350.47223533,4933715.38098228,10:40:00 AM,West Branch Alum Creek,Upstream,"BL, KM",0.29,3,2,11.4,309,438,212,,,,,,,,,,,,,,,,,,,,,,,,,,,,,,,,,,,,,,,,,,,,,,,,,,,,,,,,,
1,05/06/22,40.464786,-82.854767,-9223350.47223533,4933715.38098228,10:10:00 AM,West Branch Alum Creek,Upstream,"SB, KM",0.46,4,3,13.2,212,302,145,,,,,,,,,,,,,,,,,,,,,,,,,,,,,,,,,,,,,,,,,,,,,,,,,,,,,,,,,
1,05/20/22,40.464786,-82.854767,-9223350.47223533,4933715.38098228,10:45:00 AM,West Branch Alum Creek,Upstream,"CO, KM",0.3,4,3,18,548,781,371,,,,,,,,,,,,,,,,,,,,,,,,,,,,,,,,,,,,,,,,,,,,,,,,,,,,,,,,,
1,06/09/22,40.464786,-82.854767,-9223350.47223533,4933715.38098228,10:15:00 AM,West Branch Alum Creek,Upstream,"SB, JP",0.57,3,3,18,562,802,388,,,,,,,,,,,,,,,,,,,,,,,,,,,,,,,,,,,,,,,,,,,,,,,,,,,,,,,,,
1,06/27/22,40.464786,-82.854767,-9223350.47223533,4933715.38098228,10:48:00 AM,West Branch Alum Creek,Upstream,"BL, KM",0,2,2,18.8,701,1001,490,,,,,,,,,,,,,,,,,,,,,,,,,,,,,,,,,,,,,,,,,,,,,,,,,,,,,,,,,
1,07/18/22,40.464786,-82.854767,-9223350.47223533,4933715.38098228,10:35:00 AM,West Branch Alum Creek,Upstream,"BL, CH",0.18,3,2,20.6,424,603,287,,,,,,,,,,0.06,21.8,,,5.3,0.11,66.4,202.5,8.4,0.004,0.039,27.92,16.47,0.21,4.17,0.11,2.66,58.2,0.003,0.001,0.001,0.06,0.9,0.001,0.004,0.008,0.025,0.002,0.001,0.001,0.4,0.0039,0.0016,0.0001,0.0002,0.0001,0.00001,0.04,0.0044,na,0.001,bdl,43,,,,,
1,07/29/22,40.464786,-82.854767,-9223350.47223533,4933715.38098228,11:02:00 AM,West Branch Alum Creek,Upstream,"KM, CO",0.28,1,1,24.1,532,763,370,,,,,,,,,,,,,,,,,,,,,,,,,,,,,,,,,,,,,,,,,,,,,,,,,,,,,,,,,
2,08/13/21,40.45042,-82.87316,4502920.15677405,-17707084.0893906,,West Branch Alum Creek,Downstream 1,"CH, BL, KM, SB, JP",0.25,1,1,26.1,569,806,396,,20.7,43,3.86,7.67,734.7,817,751,531.05,0.29,25.9,,,0.13,0.27,64.1,378.2,24,0.026,0.131,27.49,38.89,0.032,4.71,,2.82,85.74,,<0.001,,0.19,0.75,<0.001,0.001,0.004,,0.005,0.001,0.001,3.44,0.0117,,<0.0001,0.0016,0.0016,0.00001,0.05,,<0.0001,,0.0013,15,,,,,
2,09/03/21,40.45042,-82.87316,4502920.15677405,-17707084.0893906,11:20:00 AM,West Branch Alum Creek,Downstream 1,"CH, BL, SB",0.2,2,0,19.5,613,874,408,,,,,,,,,,,,,,,,,,,,,,,,,,,,,,,,,,,,,,,,,,,,,,,,,,,,,,,,,
2,09/17/21,40.45042,-82.87316,4502920.15677405,-17707084.0893906,11:20:00 AM,West Branch Alum Creek,Downstream 1,"BL, KM",0.02,1,1,22.7,675,969,472,,,,,,,,,,,,,,,,,,,,,,,,,,,,,,,,,,,,,,,,,,,,,,,,,,,,,,,,,
2,10/01/21,40.45042,-82.87316,4502920.15677405,-17707084.0893906,11:01:00 AM,West Branch Alum Creek,Downstream 1,"CH, KM, BK",0,2,1,17.8,602,864,420,,,,,,,,,,,,,,,,,,,,,,,,,,,,,,,,,,,,,,,,,,,,,,,,,,,,,,,,,
2,10/15/21,40.45042,-82.87316,4502920.15677405,-17707084.0893906,11:00:00 AM,West Branch Alum Creek,Downstream 1,"CH, KM, CO",0,2,1,21.7,636,915,447,,,,,,,,,,,,,,,,,,,,,,,,,,,,,,,,,,,,,,,,,,,,,,,,,,,,,,,,,
2,11/05/21,40.45042,-82.87316,4502920.15677405,-17707084.0893906,11:15:00 AM,West Branch Alum Creek,Downstream 1,"BL, KM, WP",0,1,0,4.9,560,812,392,,,,,,,,,,,,,,,,,,,,,,,,,,,,,,,,,,,,,,,,,,,,,,,,,,,,,,,,,
2,11/19/21,40.45042,-82.87316,4502920.15677405,-17707084.0893906,11:32:00 AM,West Branch Alum Creek,Downstream 1,"BL, KM",0.23,2,3,6.8,353,525,250,,5.7,92,11.22,7.44,749.2,485,306.5,314.7,0.09,18.7,,,18.6,0.43,36.05,207.4,,0.006,0.024,11.39,19.83,0.119,4.51,0.174,4.56,60.22,0.008,0.0004,0.001,0.02,0.76,0.001,0.006,0.005,0.019,0.001,0.001,0.001,0.98,0.0047,,0.0003,,0.0042,<0.00001,0.03,,0.006,,0.0016,20,,,,,
2,12/05/21,40.45042,-82.87316,4502920.15677405,-17707084.0893906,12:04:00 PM,West Branch Alum Creek,Downstream 1,"CH, JP",0.03,2,1,4.8,516,748,357,,,,,,,,,,,,,,,,,,,,,,,,,,,,,,,,,,,,,,,,,,,,,,,,,,,,,,,,,
2,12/17/21,40.45042,-82.87316,4502920.15677405,-17707084.0893906,,West Branch Alum Creek,Downstream 1,"CH, SB",0,1,1,6.2,508,735,353,,,,,,,,,,,,,,,,,,,,,,,,,,,,,,,,,,,,,,,,,,,,,,,,,,,,,,,,,
2,12/30/21,40.45042,-82.87316,4502920.15677405,-17707084.0893906,,West Branch Alum Creek,Downstream 1,"SB, KM",0.8,4,3,4.8,230,327,157,,,,,,,,,,,,,,,,,,,,,,,,,,,,,,,,,,,,,,,,,,,,,,,,,,,,,,,,,
2,01/14/22,40.45042,-82.87316,4502920.15677405,-17707084.0893906,11:15:00 AM,West Branch Alum Creek,Downstream 1,"SB, KM",0,3,0,3.1,504,719,348,,,,,,,,,,,,,,,,,,,,,,,,,,,,,,,,,,,,,,,,,,,,,,,,,,,,,,,,,
2,01/28/22,40.45042,-82.87316,4502920.15677405,-17707084.0893906,12:20:00 PM,West Branch Alum Creek,Downstream 1,"CH, SB, KM",0,2,,0.1,648,950,459,frozen,,,,,,,,,,,,,,,,,,,,,,,,,,,,,,,,,,,,,,,,,,,,,,,,,,,,,,,,
2,02/11/22,40.45042,-82.87316,4502920.15677405,-17707084.0893906,10:35:00 AM,West Branch Alum Creek,Downstream 1,"SB, KM",0.01,3,0,4.6,319,437,219,,,,,,,,,,,,,,,,,,,,,,,,,,,,,,,,,,,,,,,,,,,,,,,,,,,,,,,,,
2,02/26/22,40.45042,-82.87316,4502920.15677405,-17707084.0893906,01:44:00 PM,West Branch Alum Creek,Downstream 1,"CH, KM",0.85,4,1,4.2,284,401,190,,,,,,,,,,,,,,,,,,,,,,,,,,,,,,,,,,,,,,,,,,,,,,,,,,,,,,,,,
2,03/11/22,40.45042,-82.87316,4502920.15677405,-17707084.0893906,10:17:00 AM,West Branch Alum Creek,Downstream 1,"SB, KM",0.01,1,,7.7,385,446,267,,,,,,,,,,,,,,,,,,,,,,,,,,,,,,,,,,,,,,,,,,,,,,,,,,,,,,,,,
2,03/24/22,40.45042,-82.87316,4502920.15677405,-17707084.0893906,11:10:00 AM,West Branch Alum Creek,Downstream 1,"BL, CH, KM",0.12,3,3,9.2,310,447,213,,8,88.5,9.75,7.72,730.7,414.4,279.4,269,0.05,15.93,,,15.46,0.08,24.34,183,,0.005,0.005,10.42,17.09,0.27,3.2,0.15,3.14,52.88,,0.0003,0.001,0.04,0.48,<0.001,,,,0.003,,<0.001,0.67,0.0036,,,,0.0001,0.00001,0.03,0.0048,0.0008,,0.0013,29,,,,,
2,04/08/22,40.45042,-82.87316,4502920.15677405,-17707084.0893906,,West Branch Alum Creek,Downstream 1,"CH, KM",0.21,2,2,9.2,592,858,416,,,,,,,,,,,,,,,,,,,,,,,,,,,,,,,,,,,,,,,,,,,,,,,,,,,,,,,,,
2,04/22/22,40.45042,-82.87316,4502920.15677405,-17707084.0893906,10:55:00 AM,West Branch Alum Creek,Downstream 1,"BL, KM",0.29,2,3,12.1,431,617,293,,,,,,,,,,,,,,,,,,,,,,,,,,,,,,,,,,,,,,,,,,,,,,,,,,,,,,,,,
2,05/06/22,40.45042,-82.87316,4502920.15677405,-17707084.0893906,10:20:00 AM,West Branch Alum Creek,Downstream 1,"SB, KM",0.46,5,3,13.4,187,272,128,,,,,,,,,,,,,,,,,,,,,,,,,,,,,,,,,,,,,,,,,,,,,,,,,,,,,,,,,
2,05/20/22,40.45042,-82.87316,4502920.15677405,-17707084.0893906,10:58:00 AM,West Branch Alum Creek,Downstream 1,"CO, KM",0.3,4,3,19,298,425,201,,,,,,,,,,,,,,,,,,,,,,,,,,,,,,,,,,,,,,,,,,,,,,,,,,,,,,,,,
2,06/09/22,40.45042,-82.87316,4502920.15677405,-17707084.0893906,10:31:00 AM,West Branch Alum Creek,Downstream 1,"SB, JP",0.57,3,3,20,388,555,263,,,,,,,,,,,,,,,,,,,,,,,,,,,,,,,,,,,,,,,,,,,,,,,,,,,,,,,,,
2,06/27/22,40.45042,-82.87316,4502920.15677405,-17707084.0893906,10:58:00 AM,West Branch Alum Creek,Downstream 1,"BL, KM",0,2,3,20,450,650,311,,,,,,,,,,,,,,,,,,,,,,,,,,,,,,,,,,,,,,,,,,,,,,,,,,,,,,,,,
2,07/18/22,40.45042,-82.87316,4502920.15677405,-17707084.0893906,10:55:00 AM,West Branch Alum Creek,Downstream 1,"BL, CH",0.18,3,2,20.8,368,530,253,,,,,,,,,,0.05,29.5,0.07,,18.5,0.24,38.8,161,,0.005,0.04,10.78,14.25,0.095,4.62,0.13,5.26,40.07,0.002,<0.001,0.001,0.04,0.69,<0.001,0.002,0.006,0.023,0.002,0.001,0.001,0.73,0.0054,0.0031,<0.0001,0.0002,0.0001,0.00001,0.03,0.0038,na,0.0006,bdl,39,,,,,
2,07/29/22,40.45042,-82.87316,4502920.15677405,-17707084.0893906,11:15:00 AM,West Branch Alum Creek,Downstream 1,"KM, CO",0.28,2,0,24,622,889,432,,,,,,,,,,,,,,,,,,,,,,,,,,,,,,,,,,,,,,,,,,,,,,,,,,,,,,,,,
2,08/13/22,40.45042,-82.87316,4502920.15677405,-17707084.0893906,02:50:00 PM,West Branch Alum Creek,Downstream 1,"FS, CH, SB",,1,1,20.1,638,918,447,,,,,,,,,,,,,,,,,,,,,,,,,,,,,,,,,,,,,,,,,,,,,,,,,,,,,,,,,
3,08/13/21,40.43778,-82.88076,4501513.07841042,-17713906.8696354,,West Branch Alum Creek,Downstream 2,"CH, BL, KM, SB, JP",0.25,2,0,28.4,606,863,417,,25,144.3,11.89,8.1,734.9,854,855,555.1,0.18,30.8,,,0.14,0.11,102.1,351.4,19.2,0.024,0.158,24.32,46.02,0.416,4.66,0.109,3.85,137.2,0.002,0.003,,3.91,1.95,0.004,0.011,0.014,,0.007,0.001,0.001,3.37,0.0041,,0.0011,0.002,0.0019,0.00002,0.23,,0.0014,,0.0017,19,,,,,
3,09/03/21,40.43778,-82.88076,4501513.07841042,-17713906.8696354,11:30:00 AM,West Branch Alum Creek,Downstream 2,"CH, BL, SB",0.2,1,0,21.7,630,923,444,,,,,,,,,,,,,,,,,,,,,,,,,,,,,,,,,,,,,,,,,,,,,,,,,,,,,,,,,
3,09/17/21,40.43778,-82.88076,4501513.07841042,-17713906.8696354,11:35:00 AM,West Branch Alum Creek,Downstream 2,"BL, KM",0.02,1,1,25.3,678,970,474,,,,,,,,,,,,,,,,,,,,,,,,,,,,,,,,,,,,,,,,,,,,,,,,,,,,,,,,,
3,10/01/21,40.43778,-82.88076,4501513.07841042,-17713906.8696354,11:20:00 AM,West Branch Alum Creek,Downstream 2,"CH, KM, BK",0,1,2,17.9,684,982,479,,,,,,,,,,,,,,,,,,,,,,,,,,,,,,,,,,,,,,,,,,,,,,,,,,,,,,,,,
3,10/15/21,40.43778,-82.88076,4501513.07841042,-17713906.8696354,11:12:00 AM,West Branch Alum Creek,Downstream 2,"CH, KM, CO",0,2,1,21.3,689,985,481,,,,,,,,,,,,,,,,,,,,,,,,,,,,,,,,,,,,,,,,,,,,,,,,,,,,,,,,,
3,11/05/21,40.43778,-82.88076,4501513.07841042,-17713906.8696354,11:25:00 AM,West Branch Alum Creek,Downstream 2,"BL, KM, WP",0,3,1,7.2,611,859,429,,,,,,,,,,,,,,,,,,,,,,,,,,,,,,,,,,,,,,,,,,,,,,,,,,,,,,,,,
3,11/19/21,40.43778,-82.88076,4501513.07841042,-17713906.8696354,11:45:00 AM,West Branch Alum Creek,Downstream 2,"BL, KM",0.23,3,3,6.3,398,568,273,,6.4,85.1,10.4,7.46,749.8,500,322,324.3,0.04,20.16,,,16.78,0.36,56.14,231.8,,0.006,0.028,12.55,22.25,0.117,4.93,0.436,5.14,74.86,0.01,0.0005,0.004,0.04,0.99,0.001,0.008,0.007,0.027,0.002,0.001,0.001,0.99,0.0044,,0.0004,,0.0023,0.00001,0.04,,0.001,,0.0018,,,,,,
3,12/05/21,40.43778,-82.88076,4501513.07841042,-17713906.8696354,,West Branch Alum Creek,Downstream 2,"CH, JP",0.03,3,0,5.3,555,790,384,,,,,,,,,,,,,,,,,,,,,,,,,,,,,,,,,,,,,,,,,,,,,,,,,,,,,,,,,
3,12/17/21,40.43778,-82.88076,4501513.07841042,-17713906.8696354,,West Branch Alum Creek,Downstream 2,"CH, SB",0,4,0,7.7,541,769,375,,,,,,,,,,,,,,,,,,,,,,,,,,,,,,,,,,,,,,,,,,,,,,,,,,,,,,,,,
3,12/30/21,40.43778,-82.88076,4501513.07841042,-17713906.8696354,11:10:00 AM,West Branch Alum Creek,Downstream 2,"SB, KM",0.8,4,3,7.5,291,417,195,,,,,,,,,,,,,,,,,,,,,,,,,,,,,,,,,,,,,,,,,,,,,,,,,,,,,,,,,
3,01/14/22,40.43778,-82.88076,4501513.07841042,-17713906.8696354,11:21:00 AM,West Branch Alum Creek,Downstream 2,"SB, KM",0,3,0,2.5,548,784,378,,,,,,,,,,,,,,,,,,,,,,,,,,,,,,,,,,,,,,,,,,,,,,,,,,,,,,,,,
3,01/28/22,40.43778,-82.88076,4501513.07841042,-17713906.8696354,12:34:00 PM,West Branch Alum Creek,Downstream 2,"CH, SB, KM",0,3,,2.9,637,916,444,,,,,,,,,,,,,,,,,,,,,,,,,,,,,,,,,,,,,,,,,,,,,,,,,,,,,,,,,
3,02/11/22,40.43778,-82.88076,4501513.07841042,-17713906.8696354,10:45:00 AM,West Branch Alum Creek,Downstream 2,"SB, KM",0.01,3,1,4.5,284,408,193,,,,,,,,,,,,,,,,,,,,,,,,,,,,,,,,,,,,,,,,,,,,,,,,,,,,,,,,,
3,02/26/22,40.43778,-82.88076,4501513.07841042,-17713906.8696354,01:55:00 PM,West Branch Alum Creek,Downstream 2,"CH, KM",0.85,3,1,1.5,336,480,230,,,,,,,,,,,,,,,,,,,,,,,,,,,,,,,,,,,,,,,,,,,,,,,,,,,,,,,,,
3,03/11/22,40.43778,-82.88076,4501513.07841042,-17713906.8696354,10:37:00 AM,West Branch Alum Creek,Downstream 2,"SB, KM",0.01,2,1,8.5,435,611,284,,,,,,,,,,,,,,,,,,,,,,,,,,,,,,,,,,,,,,,,,,,,,,,,,,,,,,,,,
3,03/24/22,40.43778,-82.88076,4501513.07841042,-17713906.8696354,11:25:00 AM,West Branch Alum Creek,Downstream 2,"BL, CH, KM",0.12,3,3,9.2,321,456,220,,8.3,79.5,9.34,7.62,731.5,432.3,294.4,281.4,0.05,14.65,,,8.35,0.07,31.23,185.4,,0.005,0.007,10.05,17.82,0.3,2.75,0.15,3.27,58.42,,0.0002,0.001,0.04,0.55,<0.001,,,,0.003,,<0.001,0.67,0.0031,,,<0.0001,0.0001,0.00001,0.04,0.0011,0.0012,,0.0013,40,,,,,
3,04/08/22,40.43778,-82.88076,4501513.07841042,-17713906.8696354,12:08:00 PM,West Branch Alum Creek,Downstream 2,"CH, KM",0.21,3,0,8.5,636,911,444,,,,,,,,,,,,,,,,,,,,,,,,,,,,,,,,,,,,,,,,,,,,,,,,,,,,,,,,,
3,04/22/22,40.43778,-82.88076,4501513.07841042,-17713906.8696354,11:05:00 AM,West Branch Alum Creek,Downstream 2,"BL, KM",0.29,3,2,12,450,651,312,,,,,,,,,,,,,,,,,,,,,,,,,,,,,,,,,,,,,,,,,,,,,,,,,,,,,,,,,
3,05/06/22,40.43778,-82.88076,4501513.07841042,-17713906.8696354,10:30:00 AM,West Branch Alum Creek,Downstream 2,"SB, KM",0.46,4,3,13.5,205,290,139,,,,,,,,,,,,,,,,,,,,,,,,,,,,,,,,,,,,,,,,,,,,,,,,,,,,,,,,,
3,05/20/22,40.43778,-82.88076,4501513.07841042,-17713906.8696354,11:09:00 AM,West Branch Alum Creek,Downstream 2,"CO, KM",0.3,5,3,20.2,1122,159,76,,,,,,,,,,,,,,,,,,,,,,,,,,,,,,,,,,,,,,,,,,,,,,,,,,,,,,,,,
3,06/09/22,40.43778,-82.88076,4501513.07841042,-17713906.8696354,,West Branch Alum Creek,Downstream 2,"SB, JP",0.57,3,3,19.2,376,545,259,,,,,,,,,,,,,,,,,,,,,,,,,,,,,,,,,,,,,,,,,,,,,,,,,,,,,,,,,
3,06/27/22,40.43778,-82.88076,4501513.07841042,-17713906.8696354,11:07:00 AM,West Branch Alum Creek,Downstream 2,"BL, KM",0,3,2,19.9,525,750,365,,,,,,,,,,,,,,,,,,,,,,,,,,,,,,,,,,,,,,,,,,,,,,,,,,,,,,,,,
3,07/18/22,40.43778,-82.88076,4501513.07841042,-17713906.8696354,11:05:00 AM,West Branch Alum Creek,Downstream 2,"BL, CH",0.18,3,2,20.8,352,501,241,,,,,,,,,,0.05,5.6,,,1.4,0.42,38,119.6,,0.004,0.03,7.21,13.3,0.081,6.26,0.12,6.74,41.43,0.003,<0.001,0.001,0.02,0.65,<0.001,0.002,0.007,0.024,0.005,0.001,0.001,0.49,0.0049,0.0011,<0.0001,0.0002,0.0002,0.00001,0.03,0.0043,na,0.0008,bdl,,,,,,
3,07/29/22,40.43778,-82.88076,4501513.07841042,-17713906.8696354,11:30:00 AM,West Branch Alum Creek,Downstream 2,"KM, CO",0.28,2,0,24.5,637,910,443,,,,,,,,,,,,,,,,,,,,,,,,,,,,,,,,,,,,,,,,,,,,,,,,,,,,,,,,,
3,08/13/22,40.43778,-82.88076,4501513.07841042,-17713906.8696354,03:00:00 PM,West Branch Alum Creek,Downstream 2,"FS, CH, SB",,1,2,20,643,921,448,,,,,,,,,,,,,,,,,,,,,,,,,,,,,,,,,,,,,,,,,,,,,,,,,,,,,,,,,
4,08/13/21,40.418595,-82.852719,4499377.41397955,-17688769.3559539,,Headwaters Alum Creek,Upstream,"CH, BL, KM, SB, JP",0.25,2,0,26,525,750,364,,22.1,91.2,7.95,8.16,735,728,,473.2,0.11,32.7,,,0.93,0.17,102.3,287.9,19.2,0.012,0.092,22.9,29.66,0.018,4.45,,2.94,91.43,,0.001,,0.05,0.52,<0.001,0.001,0.003,,0.004,0.001,0.001,2.71,0.0132,,0.0001,0.0024,0.0015,0.00001,0.06,,0.0001,,0.0025,8,,,,,
4,09/03/21,40.418595,-82.852719,4499377.41397955,-17688769.3559539,11:42:00 AM,Headwaters Alum Creek,Upstream,"CH, BL, SB",0.2,2,1,20.5,470,668,325,,,,,,,,,,,,,,,,,,,,,,,,,,,,,,,,,,,,,,,,,,,,,,,,,,,,,,,,,
4,09/17/21,40.418595,-82.852719,4499377.41397955,-17688769.3559539,11:50:00 AM,Headwaters Alum Creek,Upstream,"BL, KM",0.02,2,2,24,565,808,391,,,,,,,,,,,,,,,,,,,,,,,,,,,,,,,,,,,,,,,,,,,,,,,,,,,,,,,,,
4,10/01/21,40.418595,-82.852719,4499377.41397955,-17688769.3559539,11:38:00 AM,Headwaters Alum Creek,Upstream,"CH, KM, BK",0,2,0,17.3,532,760,368,,,,,,,,,,,,,,,,,,,,,,,,,,,,,,,,,,,,,,,,,,,,,,,,,,,,,,,,,
4,10/15/21,40.418595,-82.852719,4499377.41397955,-17688769.3559539,11:25:00 AM,Headwaters Alum Creek,Upstream,"CH, KM, CO",0,2,1,21.4,585,834,407,,,,,,,,,,,,,,,,,,,,,,,,,,,,,,,,,,,,,,,,,,,,,,,,,,,,,,,,,
4,11/05/21,40.418595,-82.852719,4499377.41397955,-17688769.3559539,11:40:00 AM,Headwaters Alum Creek,Upstream,"BL, KM, WP",0,3,0,8.4,525,750,350,,,,,,,,,,,,,,,,,,,,,,,,,,,,,,,,,,,,,,,,,,,,,,,,,,,,,,,,,
4,11/19/21,40.418595,-82.852719,4499377.41397955,-17688769.3559539,12:00:00 PM,Headwaters Alum Creek,Upstream,"BL, KM",0.23,3,3,6.2,348,498,238,,6,99.8,12.38,7.61,750.2,465.6,297.2,302.6,0.04,30.42,,,9.96,0.65,38.79,173.2,,0.004,0.02,16.67,16.02,0.094,4.66,0.283,6.49,55.65,0.008,0.0005,0,0.02,0.76,<0.001,0.008,0.005,0.043,0.002,<0.001,0.001,0.93,0.0041,,0.0004,,0.0041,0.00001,0.03,,0.001,,0.0012,,,,,,
4,12/05/21,40.418595,-82.852719,4499377.41397955,-17688769.3559539,,Headwaters Alum Creek,Upstream,"CH, JP",0.03,3,0,4.9,496,705,336,,,,,,,,,,,,,,,,,,,,,,,,,,,,,,,,,,,,,,,,,,,,,,,,,,,,,,,,,
4,12/17/21,40.418595,-82.852719,4499377.41397955,-17688769.3559539,,Headwaters Alum Creek,Upstream,"CH, SB",0,3,1,8.9,479,682,326,,,,,,,,,,,,,,,,,,,,,,,,,,,,,,,,,,,,,,,,,,,,,,,,,,,,,,,,,
4,12/30/21,40.418595,-82.852719,4499377.41397955,-17688769.3559539,11:25:00 AM,Headwaters Alum Creek,Upstream,"SB, KM",0.8,,,7.4,312,453,216,,,,,,,,,,,,,,,,,,,,,,,,,,,,,,,,,,,,,,,,,,,,,,,,,,,,,,,,,
4,01/14/22,40.418595,-82.852719,4499377.41397955,-17688769.3559539,11:41:00 AM,Headwaters Alum Creek,Upstream,"SB, KM",0,3,0,3.4,492,692,341,,,,,,,,,,,,,,,,,,,,,,,,,,,,,,,,,,,,,,,,,,,,,,,,,,,,,,,,,
4,01/28/22,40.418595,-82.852719,4499377.41397955,-17688769.3559539,12:51:00 PM,Headwaters Alum Creek,Upstream,"CH, SB, KM",0,3,,0,555,777,383,frozen,,,,,,,,,,,,,,,,,,,,,,,,,,,,,,,,,,,,,,,,,,,,,,,,,,,,,,,,
4,02/11/22,40.418595,-82.852719,4499377.41397955,-17688769.3559539,11:01:00 AM,Headwaters Alum Creek,Upstream,"SB, KM",0.01,,,4.2,522,768,,,,,,,,,,,,,,,,,,,,,,,,,,,,,,,,,,,,,,,,,,,,,,,,,,,,,,,,,,
4,02/26/22,40.418595,-82.852719,4499377.41397955,-17688769.3559539,02:20:00 PM,Headwaters Alum Creek,Upstream,"CH, KM",0.85,3,0,2.2,320,452,319,,,,,,,,,,,,,,,,,,,,,,,,,,,,,,,,,,,,,,,,,,,,,,,,,,,,,,,,,
4,03/11/22,40.418595,-82.852719,4499377.41397955,-17688769.3559539,10:50:00 AM,Headwaters Alum Creek,Upstream,"SB, KM",0.01,3,0,7.9,380,559,266,,,,,,,,,,,,,,,,,,,,,,,,,,,,,,,,,,,,,,,,,,,,,,,,,,,,,,,,,
4,03/24/22,40.418595,-82.852719,4499377.41397955,-17688769.3559539,11:40:00 AM,Headwaters Alum Creek,Upstream,"BL, CH, KM",0.12,3,3,9.9,368,524,250,,9.5,85.1,9.68,8.19,731.8,491.5,345.1,319.7,0.05,29.3,,,2.76,0.04,40.42,146.4,,0.006,0.006,19.81,18.02,0.13,2.77,0.17,4.61,57.66,,0.0001,0.001,0.02,0.44,<0.001,,,,0.003,,0.001,0.97,0.0043,,,0.0004,0.0001,0.00001,0.04,0.0013,0.0008,,0.0013,,,,,,
4,04/08/22,40.418595,-82.852719,4499377.41397955,-17688769.3559539,,Headwaters Alum Creek,Upstream,"CH, KM",0.21,3,0,9.4,620,877,432,,,,,,,,,,,,,,,,,,,,,,,,,,,,,,,,,,,,,,,,,,,,,,,,,,,,,,,,,
4,04/22/22,40.418595,-82.852719,4499377.41397955,-17688769.3559539,11:20:00 AM,Headwaters Alum Creek,Upstream,"BL, KM",0.29,3,3,11.7,392,545,270,,,,,,,,,,,,,,,,,,,,,,,,,,,,,,,,,,,,,,,,,,,,,,,,,,,,,,,,,
4,05/06/22,40.418595,-82.852719,4499377.41397955,-17688769.3559539,10:50:00 AM,Headwaters Alum Creek,Upstream,"SB, KM",0.46,5,3,13.8,258,368,172,,,,,,,,,,,,,,,,,,,,,,,,,,,,,,,,,,,,,,,,,,,,,,,,,,,,,,,,,
4,05/20/22,40.418595,-82.852719,4499377.41397955,-17688769.3559539,11:25:00 AM,Headwaters Alum Creek,Upstream,"CO, KM",0.3,5,3,19.3,136,191,94,,,,,,,,,,,,,,,,,,,,,,,,,,,,,,,,,,,,,,,,,,,,,,,,,,,,,,,,,
4,06/09/22,40.418595,-82.852719,4499377.41397955,-17688769.3559539,10:55:00 AM,Headwaters Alum Creek,Upstream,"SB, JP",0.57,3,3,20,347,487,235,,,,,,,,,,,,,,,,,,,,,,,,,,,,,,,,,,,,,,,,,,,,,,,,,,,,,,,,,
4,06/27/22,40.418595,-82.852719,4499377.41397955,-17688769.3559539,11:23:00 AM,Headwaters Alum Creek,Upstream,"BL, KM",0,3,3,20.2,587,836,401,,,,,,,,,,,,,,,,,,,,,,,,,,,,,,,,,,,,,,,,,,,,,,,,,,,,,,,,,
4,07/18/22,40.418595,-82.852719,4499377.41397955,-17688769.3559539,11:20:00 AM,Headwaters Alum Creek,Upstream,"BL, CH",0.18,3,3,20.6,537,765,370,,,,,,,,,,0.06,23.9,,,8.8,0.28,27.6,246.4,,0.008,0.043,16.73,20.32,0.124,4.25,0.02,4.06,58.79,0.006,0.001,0.002,0.06,0.92,<0.001,0.002,0.005,0.041,0.002,0.001,0.001,1.38,0.0064,0.0013,<0.0001,<0.0001,0.0001,0.00002,0.05,0.0036,na,0.0014,bdl,,,,,,
4,07/29/22,40.418595,-82.852719,4499377.41397955,-17688769.3559539,11:48:00 AM,Headwaters Alum Creek,Upstream,"KM, CO",0.28,3,0,24.6,533,760,370,,,,,,,,,,,,,,,,,,,,,,,,,,,,,,,,,,,,,,,,,,,,,,,,,,,,,,,,,
4,08/13/22,40.418595,-82.852719,4499377.41397955,-17688769.3559539,01:55:00 PM,Headwaters Alum Creek,Upstream,"FS, CH, SB",,2,1,25.7,542,780,377,,,,,,,,,,,,,,,,,,,,,,,,,,,,,,,,,,,,,,,,,,,,,,,,,,,,,,,,,
5,08/13/21,40.374121,-82.887075,4494426.59094601,-17719581.5754947,,Headwaters Alum Creek,Downstream,"CH, BL, KM, SB, JP",0.25,3,0,26.5,490,684,339,,23.6,117.7,9.9,8.38,736.4,827,207,537.55,0.09,53.8,,,0.92,0.1,96.7,219.6,16.8,0.01,0.102,30.53,24.5,0.016,3.58,,3.68,78.52,,0.001,<0.001,0.01,0.43,<0.001,0.003,0.004,,0.003,0.001,0.001,1.35,0.0151,,0.0001,0.0025,0.0018,0.00002,0.05,,<0.0001,,0.0028,9,,,,,
5,09/03/21,40.374121,-82.887075,4494426.59094601,-17719581.5754947,12:00:00 PM,Headwaters Alum Creek,Downstream,"CH, BL, SB",0.2,3,0,20.7,475,680,326,,,,,,,,,,,,,,,,,,,,,,,,,,,,,,,,,,,,,,,,,,,,,,,,,,,,,,,,,
5,09/17/21,40.374121,-82.887075,4494426.59094601,-17719581.5754947,12:10:00 PM,Headwaters Alum Creek,Downstream,"BL, KM",0.02,2,0,23.4,517,740,358,,,,,,,,,,,,,,,,,,,,,,,,,,,,,,,,,,,,,,,,,,,,,,,,,,,,,,,,,
5,10/01/21,40.374121,-82.887075,4494426.59094601,-17719581.5754947,11:58:00 AM,Headwaters Alum Creek,Downstream,"CH, KM, BK",0,3,0,18.1,492,702,340,,,,,,,,,,,,,,,,,,,,,,,,,,,,,,,,,,,,,,,,,,,,,,,,,,,,,,,,,
5,10/15/21,40.374121,-82.887075,4494426.59094601,-17719581.5754947,11:40:00 AM,Headwaters Alum Creek,Downstream,"CH, KM, CO",0,3,0,20.9,544,780,375,,,,,,,,,,,,,,,,,,,,,,,,,,,,,,,,,,,,,,,,,,,,,,,,,,,,,,,,,
5,11/05/21,40.374121,-82.887075,4494426.59094601,-17719581.5754947,12:00:00 PM,Headwaters Alum Creek,Downstream,"BL, KM, WP",0,3,0,7.1,485,696,336,,,,,,,,,,,,,,,,,,,,,,,,,,,,,,,,,,,,,,,,,,,,,,,,,,,,,,,,,
5,11/19/21,40.374121,-82.887075,4494426.59094601,-17719581.5754947,12:20:00 PM,Headwaters Alum Creek,Downstream,"BL, KM",0.23,3,2,7.6,356,512,245,,5.7,101.8,12.74,8.01,751.9,459.5,284.4,298.7,0.03,35.22,,0.03,10.95,0.5,58.01,178.1,,0.004,0.019,16.98,16.49,0.091,4.63,0.262,6.29,56.97,0.009,0.0005,0.003,0.01,0.78,<0.001,0.006,0.006,0.02,0.002,0.001,0.001,0.66,0.005,,0.0004,0.0002,0.0021,<0.00001,0.03,,0.0007,,0.0013,,,,,,
5,12/05/21,40.374121,-82.887075,4494426.59094601,-17719581.5754947,12:30:00 PM,Headwaters Alum Creek,Downstream,"CH, JP",0.03,3,0,4.5,494,713,343,,,,,,,,,,,,,,,,,,,,,,,,,,,,,,,,,,,,,,,,,,,,,,,,,,,,,,,,,
5,12/17/21,40.374121,-82.887075,4494426.59094601,-17719581.5754947,,Headwaters Alum Creek,Downstream,"CH, SB",0,3,1,8.2,473,686,330,,,,,,,,,,,,,,,,,,,,,,,,,,,,,,,,,,,,,,,,,,,,,,,,,,,,,,,,,
5,12/30/21,40.374121,-82.887075,4494426.59094601,-17719581.5754947,11:40:00 AM,Headwaters Alum Creek,Downstream,"SB, KM",0.8,4,3,8.4,311,444,212,,,,,,,,,,,,,,,,,,,,,,,,,,,,,,,,,,,,,,,,,,,,,,,,,,,,,,,,,
5,01/14/22,40.374121,-82.887075,4494426.59094601,-17719581.5754947,12:08:00 PM,Headwaters Alum Creek,Downstream,"SB, KM",0,3,0,2.5,483,693,320,,,,,,,,,,,,,,,,,,,,,,,,,,,,,,,,,,,,,,,,,,,,,,,,,,,,,,,,,
5,01/28/22,40.374121,-82.887075,4494426.59094601,-17719581.5754947,01:15:00 PM,Headwaters Alum Creek,Downstream,"CH, SB, KM",0,3,,1.9,569,836,401,frozen,,,,,,,,,,,,,,,,,,,,,,,,,,,,,,,,,,,,,,,,,,,,,,,,,,,,,,,,
5,02/11/22,40.374121,-82.887075,4494426.59094601,-17719581.5754947,11:21:00 AM,Headwaters Alum Creek,Downstream,"SB, KM",0.01,3,0,2.9,623,903,439,,,,,,,,,,,,,,,,,,,,,,,,,,,,,,,,,,,,,,,,,,,,,,,,,,,,,,,,,
5,02/26/22,40.374121,-82.887075,4494426.59094601,-17719581.5754947,12:35:00 PM,Headwaters Alum Creek,Downstream,"CH, KM",0.85,3,1,2.1,332,468,333,,,,,,,,,,,,,,,,,,,,,,,,,,,,,,,,,,,,,,,,,,,,,,,,,,,,,,,,,
5,03/11/22,40.374121,-82.887075,4494426.59094601,-17719581.5754947,11:30:00 AM,Headwaters Alum Creek,Downstream,"SB, KM",0.01,3,0,9.3,399,563,264,,,,,,,,,,,,,,,,,,,,,,,,,,,,,,,,,,,,,,,,,,,,,,,,,,,,,,,,,
5,03/24/22,40.374121,-82.887075,4494426.59094601,-17719581.5754947,12:00:00 PM,Headwaters Alum Creek,Downstream,"BL, CH, KM",0.12,3,1,10.3,431,617,297,,9.5,84.2,9.68,8.28,733.1,564,397,366.4,0.04,37.33,,,2.01,NaN,54.41,197.6,8.4,0.006,0.009,25.52,20.2,0.03,1.56,0.12,3.46,62.76,,,<0.001,0.01,0.37,<0.001,,,,0.003,,0.001,0.92,0.006,,,0.0001,0.0001,0.00001,0.04,0.0022,0.0006,,0.002,40,,,,,
5,04/08/22,40.374121,-82.887075,4494426.59094601,-17719581.5754947,12:32:00 PM,Headwaters Alum Creek,Downstream,"CH, KM",0.21,3,0,9.1,660,942,455,,,,,,,,,,,,,,,,,,,,,,,,,,,,,,,,,,,,,,,,,,,,,,,,,,,,,,,,,
5,04/22/22,40.374121,-82.887075,4494426.59094601,-17719581.5754947,11:40:00 AM,Headwaters Alum Creek,Downstream,"BL, KM",0.29,3,2,12.6,403,576,273,,,,,,,,,,,,,,,,,,,,,,,,,,,,,,,,,,,,,,,,,,,,,,,,,,,,,,,,,
5,05/06/22,40.374121,-82.887075,4494426.59094601,-17719581.5754947,11:00:00 AM,Headwaters Alum Creek,Downstream,"SB, KM",0.46,5,3,13.7,326,474,225,,,,,,,,,,,,,,,,,,,,,,,,,,,,,,,,,,,,,,,,,,,,,,,,,,,,,,,,,
5,05/20/22,40.374121,-82.887075,4494426.59094601,-17719581.5754947,11:42:00 AM,Headwaters Alum Creek,Downstream,"CO, KM",0.3,5,3,19.3,228,322,148,,,,,,,,,,,,,,,,,,,,,,,,,,,,,,,,,,,,,,,,,,,,,,,,,,,,,,,,,
5,06/09/22,40.374121,-82.887075,4494426.59094601,-17719581.5754947,11:18:00 AM,Headwaters Alum Creek,Downstream,"SB, JP",0.57,3,3,19,339,489,233,,,,,,,,,,,,,,,,,,,,,,,,,,,,,,,,,,,,,,,,,,,,,,,,,,,,,,,,,
5,06/27/22,40.374121,-82.887075,4494426.59094601,-17719581.5754947,11:38:00 AM,Headwaters Alum Creek,Downstream,"BL, KM",0,3,0,20.9,660,967,465,,,,,,,,,,,,,,,,,,,,,,,,,,,,,,,,,,,,,,,,,,,,,,,,,,,,,,,,,
5,07/18/22,40.374121,-82.887075,4494426.59094601,-17719581.5754947,11:40:00 AM,Headwaters Alum Creek,Downstream,"BL, CH",0.18,3,3,21.2,418,600,288,,,,,,,,,,0.06,21.9,,,5.2,0.14,65.8,209.8,4.8,0.006,0.041,15.58,14.83,0.106,4.31,0.04,4.51,44.69,0.003,0.001,0.002,0.02,0.7,<0.001,0.004,0.008,0.041,0.003,0.003,0.001,0.9,0.0076,0.0022,0.0001,0.0001,0.0007,0.00004,0.04,0.0029,na,0.0013,bdl,,,,,,
5,07/29/22,40.374121,-82.887075,4494426.59094601,-17719581.5754947,12:00:00 PM,Headwaters Alum Creek,Downstream,"KM, CO",0.28,2,0,25.1,479,688,330,,,,,,,,,,,,,,,,,,,,,,,,,,,,,,,,,,,,,,,,,,,,,,,,,,,,,,,,,
5,08/13/22,40.374121,-82.887075,4494426.59094601,-17719581.5754947,02:10:00 PM,Headwaters Alum Creek,Downstream,"FS, CH, SB",,3,0,22.2,473,680,326,,,,,,,,,,,,,,,,,,,,,,,,,,,,,,,,,,,,,,,,,,,,,,,,,,,,,,,,,
6,08/13/21,40.3952,-82.87199,4496773.09449245,-17706034.3832954,,Headwaters Alum Creek,Intermediate 2,"CH, BL, KM, SB, JP",0.25,3,0,27.9,494,705,335,,25,121.6,9.95,8.34,728.4,716,716,465.4,0.11,37.3,,,0.66,0.1,88.9,273.3,16.8,0.011,0.125,25.12,27.81,0.029,4.23,,3.58,83.17,<0.001,0.001,,0.03,0.43,<0.001,0.006,0.006,,0.004,0.001,0.001,2.14,0.0139,,0.0002,0.0033,0.0017,0.00004,0.06,,0.0008,,0.0025,,,,,,
6,09/03/21,40.3952,-82.87199,4496773.09449245,-17706034.3832954,12:15:00 PM,Headwaters Alum Creek,Intermediate 2,"CH, BL, SB",0.2,3,0,20.7,455,656,314,,,,,,,,,,,,,,,,,,,,,,,,,,,,,,,,,,,,,,,,,,,,,,,,,,,,,,,,,
6,09/17/21,40.3952,-82.87199,4496773.09449245,-17706034.3832954,12:25:00 PM,Headwaters Alum Creek,Intermediate 2,"BL, KM",0.02,2,0,23.6,534,763,370,,,,,,,,,,,,,,,,,,,,,,,,,,,,,,,,,,,,,,,,,,,,,,,,,,,,,,,,,
6,10/01/21,40.3952,-82.87199,4496773.09449245,-17706034.3832954,12:19:00 PM,Headwaters Alum Creek,Intermediate 2,"CH, KM, BK",0,3,0,19,495,717,347,,,,,,,,,,,,,,,,,,,,,,,,,,,,,,,,,,,,,,,,,,,,,,,,,,,,,,,,,
6,10/15/21,40.3952,-82.87199,4496773.09449245,-17706034.3832954,11:55:00 AM,Headwaters Alum Creek,Intermediate 2,"CH, KM, CO",0,3,0,21.6,569,787,395,,,,,,,,,,,,,,,,,,,,,,,,,,,,,,,,,,,,,,,,,,,,,,,,,,,,,,,,,
6,11/05/21,40.3952,-82.87199,4496773.09449245,-17706034.3832954,12:15:00 PM,Headwaters Alum Creek,Intermediate 2,"BL, KM, WP",0,3,0,5.9,513,729,355,,,,,,,,,,,,,,,,,,,,,,,,,,,,,,,,,,,,,,,,,,,,,,,,,,,,,,,,,
6,11/19/21,40.3952,-82.87199,4496773.09449245,-17706034.3832954,12:00:00 PM,Headwaters Alum Creek,Intermediate 2,"BL, KM",0.23,3,1,7,350,497,240,,5.9,104.4,12.86,7.92,750.6,466.9,293.2,300.5,0.04,33.96,,,10.11,0.64,37.27,175.7,,0.004,0.02,16.9,16.22,0.078,4.72,0.357,6.76,54.56,0.009,0.0005,0.001,0.02,0.74,<0.001,0.004,0.005,0.022,0.046,0.001,0.001,0.76,0.0039,,0.0004,,0.0042,<0.00001,0.03,,0.0008,,0.0011,,,,,,
6,12/05/21,40.3952,-82.87199,4496773.09449245,-17706034.3832954,12:50:00 PM,Headwaters Alum Creek,Intermediate 2,"CH, JP",0.03,3,0,5,484,693,334,,,,,,,,,,,,,,,,,,,,,,,,,,,,,,,,,,,,,,,,,,,,,,,,,,,,,,,,,
6,12/17/21,40.3952,-82.87199,4496773.09449245,-17706034.3832954,,Headwaters Alum Creek,Intermediate 2,"CH, SB",0,3,1,7.7,475,684,328,,,,,,,,,,,,,,,,,,,,,,,,,,,,,,,,,,,,,,,,,,,,,,,,,,,,,,,,,
6,12/30/21,40.3952,-82.87199,4496773.09449245,-17706034.3832954,12:00:00 PM,Headwaters Alum Creek,Intermediate 2,"SB, KM",0.8,4,2,7.8,318,445,210,,,,,,,,,,,,,,,,,,,,,,,,,,,,,,,,,,,,,,,,,,,,,,,,,,,,,,,,,
6,01/14/22,40.3952,-82.87199,4496773.09449245,-17706034.3832954,12:24:00 PM,Headwaters Alum Creek,Intermediate 2,"SB, KM",0,3,0,2.1,480,693,334,,,,,,,,,,,,,,,,,,,,,,,,,,,,,,,,,,,,,,,,,,,,,,,,,,,,,,,,,
6,01/28/22,40.3952,-82.87199,4496773.09449245,-17706034.3832954,01:30:00 PM,Headwaters Alum Creek,Intermediate 2,"CH, SB, KM",0,3,,1.3,570,818,398,,,,,,,,,,,,,,,,,,,,,,,,,,,,,,,,,,,,,,,,,,,,,,,,,,,,,,,,,
6,02/11/22,40.3952,-82.87199,4496773.09449245,-17706034.3832954,11:35:00 AM,Headwaters Alum Creek,Intermediate 2,"SB, KM",0.01,3,1,3.1,525,745,361,,,,,,,,,,,,,,,,,,,,,,,,,,,,,,,,,,,,,,,,,,,,,,,,,,,,,,,,,
6,02/26/22,40.3952,-82.87199,4496773.09449245,-17706034.3832954,02:50:00 PM,Headwaters Alum Creek,Intermediate 2,"CH, KM",0.85,3,1,2,312,447,214,,,,,,,,,,,,,,,,,,,,,,,,,,,,,,,,,,,,,,,,,,,,,,,,,,,,,,,,,
6,03/11/22,40.3952,-82.87199,4496773.09449245,-17706034.3832954,11:45:00 AM,Headwaters Alum Creek,Intermediate 2,"SB, KM",0.01,3,0,9.2,372,551,261,,,,,,,,,,,,,,,,,,,,,,,,,,,,,,,,,,,,,,,,,,,,,,,,,,,,,,,,,
6,03/24/22,40.3952,-82.87199,4496773.09449245,-17706034.3832954,12:15:00 PM,Headwaters Alum Creek,Intermediate 2,"BL, CH, KM",0.12,3,2,10.7,391,555,266,,9.6,88.4,10.08,8.5,732,514,363.3,334.3,0.04,29.45,,,2.38,NaN,44.48,190.3,8.4,0.005,0.008,20.86,18.37,0.08,1.77,0.15,3.55,63.79,,0.0003,0.001,0.01,0.42,<0.001,,,,0.003,<0.001,0.001,0.96,0.0049,,,0.0001,0.0001,0.00002,0.04,0.0021,0.0005,,0.0016,,,,,,
6,04/08/22,40.3952,-82.87199,4496773.09449245,-17706034.3832954,,Headwaters Alum Creek,Intermediate 2,"CH, KM",0.21,3,0,9.4,602,859,419,,,,,,,,,,,,,,,,,,,,,,,,,,,,,,,,,,,,,,,,,,,,,,,,,,,,,,,,,
6,04/22/22,40.3952,-82.87199,4496773.09449245,-17706034.3832954,12:00:00 PM,Headwaters Alum Creek,Intermediate 2,"BL, KM",0.29,3,3,12.9,380,547,262,,,,,,,,,,,,,,,,,,,,,,,,,,,,,,,,,,,,,,,,,,,,,,,,,,,,,,,,,
6,05/06/22,40.3952,-82.87199,4496773.09449245,-17706034.3832954,11:15:00 AM,Headwaters Alum Creek,Intermediate 2,"SB, KM",0.46,5,3,13.4,277,393,188,,,,,,,,,,,,,,,,,,,,,,,,,,,,,,,,,,,,,,,,,,,,,,,,,,,,,,,,,
6,05/20/22,40.3952,-82.87199,4496773.09449245,-17706034.3832954,11:56:00 AM,Headwaters Alum Creek,Intermediate 2,"CO, KM",0.3,5,3,19.1,164,232,107,,,,,,,,,,,,,,,,,,,,,,,,,,,,,,,,,,,,,,,,,,,,,,,,,,,,,,,,,
6,06/09/22,40.3952,-82.87199,4496773.09449245,-17706034.3832954,11:31:00 AM,Headwaters Alum Creek,Intermediate 2,"SB, JP",0.57,3,3,19.3,318,456,218,,,,,,,,,,,,,,,,,,,,,,,,,,,,,,,,,,,,,,,,,,,,,,,,,,,,,,,,,
6,06/27/22,40.3952,-82.87199,4496773.09449245,-17706034.3832954,11:51:00 AM,Headwaters Alum Creek,Intermediate 2,"BL, KM",0,3,2,21.4,651,925,455,,,,,,,,,,,,,,,,,,,,,,,,,,,,,,,,,,,,,,,,,,,,,,,,,,,,,,,,,
6,07/18/22,40.3952,-82.87199,4496773.09449245,-17706034.3832954,12:00:00 PM,Headwaters Alum Creek,Intermediate 2,"BL, CH",0.18,4,2,20.8,497,707,343,,,,,,,,,,0.07,14.8,,,5.5,0.33,20.9,161,,0.007,0.043,15.89,18.16,0.089,3.87,0.06,4.19,54.23,0.002,0.001,0.002,0.03,0.77,<0.001,0.002,0.005,0.03,0.002,0.002,0.001,1.52,0.0075,0.0029,0.0001,0.0001,0.0003,0.00002,0.04,0.0018,na,0.0009,bdl,,,,,,
6,07/29/22,40.3952,-82.87199,4496773.09449245,-17706034.3832954,12:20:00 PM,Headwaters Alum Creek,Intermediate 2,"KM, CO",0.28,2,0,25.4,502,721,347,,,,,,,,,,,,,,,,,,,,,,,,,,,,,,,,,,,,,,,,,,,,,,,,,,,,,,,,,
7,08/13/21,40.40617,-82.86286,4497994.26930645,-17697848.9698052,,Headwaters Alum Creek,Intermediate 1,"CH, BL, KM, SB, JP",0.25,2,0,26.9,502,727,352,,24.4,94.1,7.81,8.22,734.4,747,739,485.55,0.1,37.1,,,0.84,0.15,95.7,268.4,19.2,0.012,0.158,24.69,29.01,0.056,4.47,,3.31,84.58,0.002,0.001,,0.05,0.47,<0.001,0.005,0.005,,0.004,0.001,0.001,2.33,0.0131,,0.0001,0.004,0.0014,0.00002,0.06,,0.0006,,0.0025,16,,,,,
7,09/03/21,40.40617,-82.86286,4497994.26930645,-17697848.9698052,12:25:00 PM,Headwaters Alum Creek,Intermediate 1,"CH, BL, SB",0.2,3,1,21.1,471,678,326,,,,,,,,,,,,,,,,,,,,,,,,,,,,,,,,,,,,,,,,,,,,,,,,,,,,,,,,,
7,09/17/21,40.40617,-82.86286,4497994.26930645,-17697848.9698052,12:45:00 PM,Headwaters Alum Creek,Intermediate 1,"BL, KM",0.02,2,1,25.2,548,782,371,,,,,,,,,,,,,,,,,,,,,,,,,,,,,,,,,,,,,,,,,,,,,,,,,,,,,,,,,
7,10/01/21,40.40617,-82.86286,4497994.26930645,-17697848.9698052,12:24:00 PM,Headwaters Alum Creek,Intermediate 1,"CH, KM, BK",0,3,0,19.6,501,710,347,,,,,,,,,,,,,,,,,,,,,,,,,,,,,,,,,,,,,,,,,,,,,,,,,,,,,,,,,
7,10/15/21,40.40617,-82.86286,4497994.26930645,-17697848.9698052,12:06:00 PM,Headwaters Alum Creek,Intermediate 1,"CH, KM, CO",0,3,0,21.1,581,827,399,,,,,,,,,,,,,,,,,,,,,,,,,,,,,,,,,,,,,,,,,,,,,,,,,,,,,,,,,
7,11/05/21,40.40617,-82.86286,4497994.26930645,-17697848.9698052,12:30:00 PM,Headwaters Alum Creek,Intermediate 1,"BL, KM, WP",0,3,0,8.6,518,738,357,,,,,,,,,,,,,,,,,,,,,,,,,,,,,,,,,,,,,,,,,,,,,,,,,,,,,,,,,
7,11/19/21,40.40617,-82.86286,4497994.26930645,-17697848.9698052,12:50:00 PM,Headwaters Alum Creek,Intermediate 1,"BL, KM",0.23,3,3,6.8,353,504,240,,6.1,102.3,12.41,7.91,750,470.2,300.2,306.9,0.03,32.2,,,11.7,0.68,38.72,178.1,,0.004,0.019,16.79,16.36,0.084,4.73,0.305,6.78,53.73,0.008,0.0005,0.001,0.02,0.74,<0.001,0.005,0.005,0.021,0.003,0.001,0.001,0.72,0.004,,0.0003,,0.0048,0.00001,0.03,,0.0007,,0.0011,,,,,,
7,12/05/21,40.40617,-82.86286,4497994.26930645,-17697848.9698052,,Headwaters Alum Creek,Intermediate 1,"CH, JP",0.03,3,0,5.2,489,693,330,,,,,,,,,,,,,,,,,,,,,,,,,,,,,,,,,,,,,,,,,,,,,,,,,,,,,,,,,
7,12/17/21,40.40617,-82.86286,4497994.26930645,-17697848.9698052,,Headwaters Alum Creek,Intermediate 1,"CH, SB",0,3,1,6.1,482,688,333,,,,,,,,,,,,,,,,,,,,,,,,,,,,,,,,,,,,,,,,,,,,,,,,,,,,,,,,,
7,12/30/21,40.40617,-82.86286,4497994.26930645,-17697848.9698052,,Headwaters Alum Creek,Intermediate 1,"SB, KM",0.8,3,2,8.3,311,450,214,,,,,,,,,,,,,,,,,,,,,,,,,,,,,,,,,,,,,,,,,,,,,,,,,,,,,,,,,
7,01/14/22,40.40617,-82.86286,4497994.26930645,-17697848.9698052,12:40:00 PM,Headwaters Alum Creek,Intermediate 1,"SB, KM",0,3,0,2,484,684,338,,,,,,,,,,,,,,,,,,,,,,,,,,,,,,,,,,,,,,,,,,,,,,,,,,,,,,,,,
7,01/28/22,40.40617,-82.86286,4497994.26930645,-17697848.9698052,01:45:00 PM,Headwaters Alum Creek,Intermediate 1,"CH, SB, KM",0,3,,2.7,832,1220,593,,,,,,,,,,,,,,,,,,,,,,,,,,,,,,,,,,,,,,,,,,,,,,,,,,,,,,,,,
7,02/11/22,40.40617,-82.86286,4497994.26930645,-17697848.9698052,11:46:00 AM,Headwaters Alum Creek,Intermediate 1,"SB, KM",0.01,3,0,4.8,,755,356,,,,,,,,,,,,,,,,,,,,,,,,,,,,,,,,,,,,,,,,,,,,,,,,,,,,,,,,,
7,02/26/22,40.40617,-82.86286,4497994.26930645,-17697848.9698052,03:05:00 PM,Headwaters Alum Creek,Intermediate 1,"CH, KM",0.85,3,0,1.4,319,315,,,,,,,,,,,,,,,,,,,,,,,,,,,,,,,,,,,,,,,,,,,,,,,,,,,,,,,,,,
7,03/11/22,40.40617,-82.86286,4497994.26930645,-17697848.9698052,11:10:00 AM,Headwaters Alum Creek,Intermediate 1,"SB, KM",0.01,3,0,14.3,380,534,262,,,,,,,,,,,,,,,,,,,,,,,,,,,,,,,,,,,,,,,,,,,,,,,,,,,,,,,,,
7,03/24/22,40.40617,-82.86286,4497994.26930645,-17697848.9698052,12:30:00 PM,Headwaters Alum Creek,Intermediate 1,"BL, CH, KM",0.12,3,3,11.1,380,541,261,,9.6,84.4,9.59,8.36,731.1,506,357.1,329.5,0.05,29.21,,,2.49,NaN,44.07,190.3,6,0.006,0.005,19.38,17.81,0.09,1.51,0.06,3.4,61.23,,0.0001,0.001,0.02,0.41,<0.001,,,,0.003,,0.001,0.98,0.005,,,0.0001,0.0001,0.00001,0.04,0.0046,0.0006,,0.0013,,,,,,
7,04/08/22,40.40617,-82.86286,4497994.26930645,-17697848.9698052,12:50:00 PM,Headwaters Alum Creek,Intermediate 1,"CH, KM",0.21,3,0,10,605,885,422,,,,,,,,,,,,,,,,,,,,,,,,,,,,,,,,,,,,,,,,,,,,,,,,,,,,,,,,,
7,04/22/22,40.40617,-82.86286,4497994.26930645,-17697848.9698052,12:15:00 PM,Headwaters Alum Creek,Intermediate 1,"BL, KM",0.29,3,3,12.7,392,557,269,,,,,,,,,,,,,,,,,,,,,,,,,,,,,,,,,,,,,,,,,,,,,,,,,,,,,,,,,
7,05/06/22,40.40617,-82.86286,4497994.26930645,-17697848.9698052,11:30:00 AM,Headwaters Alum Creek,Intermediate 1,"SB, KM",0.46,4,3,13.4,253,361,170,,,,,,,,,,,,,,,,,,,,,,,,,,,,,,,,,,,,,,,,,,,,,,,,,,,,,,,,,
7,05/20/22,40.40617,-82.86286,4497994.26930645,-17697848.9698052,12:12:00 PM,Headwaters Alum Creek,Intermediate 1,"CO, KM",0.3,4,3,19.3,143,204,94,,,,,,,,,,,,,,,,,,,,,,,,,,,,,,,,,,,,,,,,,,,,,,,,,,,,,,,,,
7,06/09/22,40.40617,-82.86286,4497994.26930645,-17697848.9698052,11:42:00 AM,Headwaters Alum Creek,Intermediate 1,"SB, JP",0.57,3,3,20,343,486,234,,,,,,,,,,,,,,,,,,,,,,,,,,,,,,,,,,,,,,,,,,,,,,,,,,,,,,,,,
7,06/27/22,40.40617,-82.86286,4497994.26930645,-17697848.9698052,12:03:00 PM,Headwaters Alum Creek,Intermediate 1,"BL, KM",0,3,2,20.9,639,913,444,,,,,,,,,,,,,,,,,,,,,,,,,,,,,,,,,,,,,,,,,,,,,,,,,,,,,,,,,
7,07/18/22,40.40617,-82.86286,4497994.26930645,-17697848.9698052,12:15:00 PM,Headwaters Alum Creek,Intermediate 1,"BL, CH",0.18,3,3,22,525,754,365,,,,,,,,,,0.06,12.6,0.08,,13.2,0.16,19.6,165.9,,0.008,0.045,16.87,19.94,0.092,3.79,0.01,4.17,58.29,0.003,0.001,0.001,0.04,0.81,<0.001,0.002,0.006,0.035,0.003,0.004,0.001,1.48,0.0075,0.0034,<0.0001,0.0001,0.0003,0.00002,0.04,0.002,na,0.0012,bdl,,,,,,
7,07/29/22,40.40617,-82.86286,4497994.26930645,-17697848.9698052,12:33:00 PM,Headwaters Alum Creek,Intermediate 1,"KM, CO",0.28,2,0,24.6,520,746,360,,,,,,,,,,,,,,,,,,,,,,,,,,,,,,,,,,,,,,,,,,,,,,,,,,,,,,,,,
8,08/13/21,40.450493,-82.873151,4496411.30614737,-17697831.0504349,,Headwaters Big Walnut Creek,Downstream,"CH, BL, KM, SB, JP",0.25,2,1,27.9,659,937,458,,25.3,9.3,6.99,7.74,730.2,1116,1122,725.4,0.12,141.9,,0.1,51.56,NaN,87.8,268.4,19.2,0.011,0.25,56.94,30.58,0.066,1.55,,10.42,82.91,0.002,0.001,,0.17,0.55,0.001,0.006,0.005,0.001,0.004,0.003,0.003,1.66,0.0186,0.0004,0.0001,0.0045,0.0019,0.00004,0.1,,,<0.0001,0.0052,18,,,,,
8,09/03/21,40.450493,-82.873151,4496411.30614737,-17697831.0504349,12:45:00 PM,Headwaters Big Walnut Creek,Downstream,"CH, BL, SB",0.2,2,1,23.8,653,943,458,,,,,,,,,,,,,,,,,,,,,,,,,,,,,,,,,,,,,,,,,,,,,,,,,,,,,,,,,
8,09/17/21,40.450493,-82.873151,4496411.30614737,-17697831.0504349,01:05:00 PM,Headwaters Big Walnut Creek,Downstream,"BL, KM",0.02,1,1,24.7,729,1049,513,,,,,,,,,,,,,,,,,,,,,,,,,,,,,,,,,,,,,,,,,,,,,,,,,,,,,,,,,
8,10/01/21,40.450493,-82.873151,4496411.30614737,-17697831.0504349,12:55:00 PM,Headwaters Big Walnut Creek,Downstream,"CH, KM, BK",0,1,1,19.7,629,893,434,,,,,,,,,,,,,,,,,,,,,,,,,,,,,,,,,,,,,,,,,,,,,,,,,,,,,,,,,
8,10/15/21,40.450493,-82.873151,4496411.30614737,-17697831.0504349,12:25:00 PM,Headwaters Big Walnut Creek,Downstream,"CH, KM, CO",0,2,1,22.1,683,990,481,,,,,,,,,,,,,,,,,,,,,,,,,,,,,,,,,,,,,,,,,,,,,,,,,,,,,,,,,
8,11/05/21,40.450493,-82.873151,4496411.30614737,-17697831.0504349,12:50:00 PM,Headwaters Big Walnut Creek,Downstream,"BL, KM, WP",0,3,2,10,599,860,418,,,,,,,,,,,,,,,,,,,,,,,,,,,,,,,,,,,,,,,,,,,,,,,,,,,,,,,,,
8,11/19/21,40.450493,-82.873151,4496411.30614737,-17697831.0504349,01:05:00 PM,Headwaters Big Walnut Creek,Downstream,"BL, KM",0.23,3,2,7.9,473,684,328,,7,112,12.4,7.85,744.9,62.6,411.2,407.1,0.03,46.82,,0.05,14.08,0.17,66.9,248.9,,0.004,0.038,21.94,22.71,0.043,4.26,0.106,4.76,76.45,0.006,0.0004,0.001,0.03,0.83,0.001,0.006,0.004,0.022,0.002,0.001,0.001,0.98,0.0063,,0.0003,,0.0044,<0.00001,0.05,,0.0005,,0.0044,,,,,,
8,12/05/21,40.450493,-82.873151,4496411.30614737,-17697831.0504349,01:15:00 PM,Headwaters Big Walnut Creek,Downstream,"CH, JP",0.03,3,0,6.1,539,779,376,,,,,,,,,,,,,,,,,,,,,,,,,,,,,,,,,,,,,,,,,,,,,,,,,,,,,,,,,
8,12/17/21,40.450493,-82.873151,4496411.30614737,-17697831.0504349,,Headwaters Big Walnut Creek,Downstream,"CH, SB",0,4,3,7.3,520,743,358,,,,,,,,,,,,,,,,,,,,,,,,,,,,,,,,,,,,,,,,,,,,,,,,,,,,,,,,,
8,12/30/21,40.450493,-82.873151,4496411.30614737,-17697831.0504349,12:30:00 PM,Headwaters Big Walnut Creek,Downstream,"SB, KM",0.8,4,2,9.1,343,485,235,,,,,,,,,,,,,,,,,,,,,,,,,,,,,,,,,,,,,,,,,,,,,,,,,,,,,,,,,
8,01/14/22,40.450493,-82.873151,4496411.30614737,-17697831.0504349,01:05:00 PM,Headwaters Big Walnut Creek,Downstream,"SB, KM",0,3,1,3.1,464,665,316,,,,,,,,,,,,,,,,,,,,,,,,,,,,,,,,,,,,,,,,,,,,,,,,,,,,,,,,,
8,01/28/22,40.450493,-82.873151,4496411.30614737,-17697831.0504349,02:00:00 PM,Headwaters Big Walnut Creek,Downstream,"CH, SB, KM",0,3,,2.7,527,746,368,,,,,,,,,,,,,,,,,,,,,,,,,,,,,,,,,,,,,,,,,,,,,,,,,,,,,,,,,
8,02/11/22,40.450493,-82.873151,4496411.30614737,-17697831.0504349,12:05:00 PM,Headwaters Big Walnut Creek,Downstream,"SB, KM",0.01,2,0,3.8,422,752,376,snowy fields with patches of ice in water,,,,,,,,,,,,,,,,,,,,,,,,,,,,,,,,,,,,,,,,,,,,,,,,,,,,,,,,
8,02/26/22,40.450493,-82.873151,4496411.30614737,-17697831.0504349,03:25:00 PM,Headwaters Big Walnut Creek,Downstream,"CH, KM",0.85,3,1,2.6,334,474,335,,,,,,,,,,,,,,,,,,,,,,,,,,,,,,,,,,,,,,,,,,,,,,,,,,,,,,,,,
8,03/11/22,40.450493,-82.873151,4496411.30614737,-17697831.0504349,12:10:00 PM,Headwaters Big Walnut Creek,Downstream,"SB, KM",0.01,3,0,10.8,403,568,277,,,,,,,,,,,,,,,,,,,,,,,,,,,,,,,,,,,,,,,,,,,,,,,,,,,,,,,,,
8,03/24/22,40.450493,-82.873151,4496411.30614737,-17697831.0504349,12:45:00 PM,Headwaters Big Walnut Creek,Downstream,"BL, CH, KM",0.12,3,2,11.3,375,534,254,,8.9,93,10.86,8.16,726.4,495.5,340.9,321.7,0.04,29.03,,,7.92,0.07,36.62,192.8,,0.004,0.012,17.72,18.46,0.08,3.04,0.24,4.11,57.75,,0.0002,0.001,0.03,0.36,<0.001,,,,0.003,,0.001,0.65,0.0037,,,<0.0001,0.0001,0.00001,0.04,0.0044,0.0006,,0.0026,5,,,,,
8,04/08/22,40.450493,-82.873151,4496411.30614737,-17697831.0504349,02:17:00 PM,Headwaters Big Walnut Creek,Downstream,"CH, KM",0.21,3,1,11.7,576,822,395,,,,,,,,,,,,,,,,,,,,,,,,,,,,,,,,,,,,,,,,,,,,,,,,,,,,,,,,,
8,04/22/22,40.450493,-82.873151,4496411.30614737,-17697831.0504349,12:30:00 PM,Headwaters Big Walnut Creek,Downstream,"BL, KM",0.29,3,1,15.2,508,726,350,,,,,,,,,,,,,,,,,,,,,,,,,,,,,,,,,,,,,,,,,,,,,,,,,,,,,,,,,
8,05/06/22,40.450493,-82.873151,4496411.30614737,-17697831.0504349,01:00:00 PM,Headwaters Big Walnut Creek,Downstream,"SB, KM",0.46,4,3,14.8,277,409,194,,,,,,,,,,,,,,,,,,,,,,,,,,,,,,,,,,,,,,,,,,,,,,,,,,,,,,,,,
8,05/20/22,40.450493,-82.873151,4496411.30614737,-17697831.0504349,12:29:00 PM,Headwaters Big Walnut Creek,Downstream,"CO, KM",0.3,4,3,20.2,261,378,182,,,,,,,,,,,,,,,,,,,,,,,,,,,,,,,,,,,,,,,,,,,,,,,,,,,,,,,,,
8,06/09/22,40.450493,-82.873151,4496411.30614737,-17697831.0504349,12:05:00 PM,Headwaters Big Walnut Creek,Downstream,"SB, JP",0.57,3,2,20.9,502,711,342,,,,,,,,,,,,,,,,,,,,,,,,,,,,,,,,,,,,,,,,,,,,,,,,,,,,,,,,,
8,06/27/22,40.450493,-82.873151,4496411.30614737,-17697831.0504349,12:17:00 PM,Headwaters Big Walnut Creek,Downstream,"BL, KM",0,2,1,24.8,920,1317,653,,,,,,,,,,,,,,,,,,,,,,,,,,,,,,,,,,,,,,,,,,,,,,,,,,,,,,,,,
8,07/18/22,40.450493,-82.873151,4496411.30614737,-17697831.0504349,12:35:00 PM,Headwaters Big Walnut Creek,Downstream,"BL, CH",0.18,3,2,22.9,443,629,306,,,,,,,,,,0.05,19.7,,,6.1,0.12,48.7,156.2,,0.004,0.05,17.02,14.89,0.057,3.68,0.12,6.37,51.27,0.002,0.001,0.001,0.05,0.7,0.001,0.002,0.005,0.029,0.004,0.001,0.001,0.6,0.0061,0.0048,0.0001,0.0002,0.0002,0.00002,0.05,0.0031,na,0.0007,bdl,,,,,,
8,07/29/22,40.450493,-82.873151,4496411.30614737,-17697831.0504349,01:48:00 PM,Headwaters Big Walnut Creek,Downstream,"KM, CO",0.28,2,1,28.7,810,1161,570,,,,,,,,,,,,,,,,,,,,,,,,,,,,,,,,,,,,,,,,,,,,,,,,,,,,,,,,,
9,08/13/21,40.23605,-82.89748,4479056.5975327,-17728942.527533,,Little Walnut Creek,Downstream,"CH, BL, KM, SB, JP",1.11,3,0,25.4,1115,1612,798,,19.4,87.6,8.03,7.95,736.2,1491,1334,969.15,0.14,13.7,,,2.11,,624.2,395.3,9.6,0.038,0.308,15.6,71.24,0.092,8.12,,3.88,227.71,0.007,<0.001,,0.13,1.32,0.001,0.003,0.004,0.021,0.003,0.001,0.001,2.19,0.019,0.0002,0.0001,0.0044,0.0013,0.00003,0.03,,0.0001,0.0001,0.0023,,,,,,
9,09/03/21,40.23605,-82.89748,4479056.5975327,-17728942.527533,01:20:00 PM,Little Walnut Creek,Downstream,"CH, BL, SB",1.56,3,0,20.1,761,1089,534,,,,,,,,,,,,,,,,,,,,,,,,,,,,,,,,,,,,,,,,,,,,,,,,,,,,,,,,,
9,09/17/21,40.23605,-82.89748,4479056.5975327,-17728942.527533,02:00:00 PM,Little Walnut Creek,Downstream,"BL, KM",0.13,3,0,24.1,1189,1696,854,,,,,,,,,,,,,,,,,,,,,,,,,,,,,,,,,,,,,,,,,,,,,,,,,,,,,,,,,
9,10/01/21,40.23605,-82.89748,4479056.5975327,-17728942.527533,12:24:00 PM,Little Walnut Creek,Downstream,"CH, KM, BK",0,3,0,21,1075,1606,805,,,,,,,,,,,,,,,,,,,,,,,,,,,,,,,,,,,,,,,,,,,,,,,,,,,,,,,,,
9,10/15/21,40.23605,-82.89748,4479056.5975327,-17728942.527533,12:06:00 PM,Little Walnut Creek,Downstream,"CH, KM, CO",0,3,0,18.2,1105,1582,791,,,,,,,,,,,,,,,,,,,,,,,,,,,,,,,,,,,,,,,,,,,,,,,,,,,,,,,,,
9,11/05/21,40.23605,-82.89748,4479056.5975327,-17728942.527533,12:30:00 PM,Little Walnut Creek,Downstream,"BL, KM, WP",0,3,0,12.2,959,1372,679,,,,,,,,,,,,,,,,,,,,,,,,,,,,,,,,,,,,,,,,,,,,,,,,,,,,,,,,,
9,11/19/21,40.23605,-82.89748,4479056.5975327,-17728942.527533,01:40:00 PM,Little Walnut Creek,Downstream,"BL, KM",0.38,3,1,8.3,571,816,398,,6.9,95.6,11.57,7.82,752.3,754,493.3,490,0.04,21.39,,,5.53,0.34,202.83,261.1,,0.012,0.03,13.38,31.54,0.034,5.57,0.297,6.73,106.19,0.008,0.0003,0.001,0.06,1.74,0.001,0.006,0.004,0.025,0.002,0.001,0.001,0.65,0.0082,,0.0003,,0.0038,<0.00001,0.03,,0.0004,,0.0021,,,,,,
9,12/05/21,40.23605,-82.89748,4479056.5975327,-17728942.527533,01:49:00 PM,Little Walnut Creek,Downstream,"CH, JP",0,3,1,7.5,910,1287,647,,,,,,,,,,,,,,,,,,,,,,,,,,,,,,,,,,,,,,,,,,,,,,,,,,,,,,,,,
9,12/17/21,40.23605,-82.89748,4479056.5975327,-17728942.527533,,Little Walnut Creek,Downstream,"CH, SB",0,3,1,8.5,777,1135,554,,,,,,,,,,,,,,,,,,,,,,,,,,,,,,,,,,,,,,,,,,,,,,,,,,,,,,,,,
9,12/30/21,40.23605,-82.89748,4479056.5975327,-17728942.527533,01:15:00 PM,Little Walnut Creek,Downstream,"SB, KM",0.75,3,2,9.3,319,451,213,,,,,,,,,,,,,,,,,,,,,,,,,,,,,,,,,,,,,,,,,,,,,,,,,,,,,,,,,
9,01/14/22,40.23605,-82.89748,4479056.5975327,-17728942.527533,,Little Walnut Creek,Downstream,"SB, KM",0,2,0,4.4,807,1162,569,,,,,,,,,,,,,,,,,,,,,,,,,,,,,,,,,,,,,,,,,,,,,,,,,,,,,,,,,
9,01/28/22,40.23605,-82.89748,4479056.5975327,-17728942.527533,02:30:00 PM,Little Walnut Creek,Downstream,"CH, SB, KM",0,3,,4.5,1001,1423,684,,,,,,,,,,,,,,,,,,,,,,,,,,,,,,,,,,,,,,,,,,,,,,,,,,,,,,,,,
9,02/11/22,40.23605,-82.89748,4479056.5975327,-17728942.527533,12:50:00 PM,Little Walnut Creek,Downstream,"SB, KM",0,3,0,4.5,553,788,426,,,,,,,,,,,,,,,,,,,,,,,,,,,,,,,,,,,,,,,,,,,,,,,,,,,,,,,,,
9,02/26/22,40.23605,-82.89748,4479056.5975327,-17728942.527533,04:25:00 PM,Little Walnut Creek,Downstream,"CH, KM",0.99,3,1,3.1,469,669,323,,,,,,,,,,,,,,,,,,,,,,,,,,,,,,,,,,,,,,,,,,,,,,,,,,,,,,,,,
9,03/11/22,40.23605,-82.89748,4479056.5975327,-17728942.527533,12:55:00 PM,Little Walnut Creek,Downstream,"SB, KM",0.01,3,0,10.9,666,955,446,,,,,,,,,,,,,,,,,,,,,,,,,,,,,,,,,,,,,,,,,,,,,,,,,,,,,,,,,
9,03/24/22,40.23605,-82.89748,4479056.5975327,-17728942.527533,01:20:00 PM,Little Walnut Creek,Downstream,"BL, CH, KM",0.14,3,1,12.4,595,878,418,,9.6,102.3,11.1,7.97,732.7,801,566,520,0.06,22.93,,,3.63,,195.49,263.5,,0.014,0.011,16.29,32.29,0.02,3.32,0.08,4.94,107.14,,0.0001,0.001,0.08,1.59,<0.001,,,,0.004,,0.001,0.84,0.0087,,<0.0001,0.0001,0.0001,0.00002,0.03,0.0015,0.0002,,0.0021,,,,,,
9,04/08/22,40.23605,-82.89748,4479056.5975327,-17728942.527533,02:57:00 PM,Little Walnut Creek,Downstream,"CH, KM",0.32,3,1,12,1019,1517,762,,,,,,,,,,,,,,,,,,,,,,,,,,,,,,,,,,,,,,,,,,,,,,,,,,,,,,,,,
9,04/22/22,40.23605,-82.89748,4479056.5975327,-17728942.527533,01:20:00 PM,Little Walnut Creek,Downstream,"BL, KM",0.3,3,1,14.7,779,1131,553,,,,,,,,,,,,,,,,,,,,,,,,,,,,,,,,,,,,,,,,,,,,,,,,,,,,,,,,,
9,05/06/22,40.23605,-82.89748,4479056.5975327,-17728942.527533,01:38:00 PM,Little Walnut Creek,Downstream,"SB, KM",0.77,4,3,14.8,233,333,159,,,,,,,,,,,,,,,,,,,,,,,,,,,,,,,,,,,,,,,,,,,,,,,,,,,,,,,,,
9,05/20/22,40.23605,-82.89748,4479056.5975327,-17728942.527533,01:15:00 PM,Little Walnut Creek,Downstream,"CO, KM",0.23,3,0,20.7,1099,1571,780,,,,,,,,,,,,,,,,,,,,,,,,,,,,,,,,,,,,,,,,,,,,,,,,,,,,,,,,,
9,06/09/22,40.23605,-82.89748,4479056.5975327,-17728942.527533,12:47:00 PM,Little Walnut Creek,Downstream,"SB, JP",1.41,3,3,23,190,275,130,,,,,,,,,,,,,,,,,,,,,,,,,,,,,,,,,,,,,,,,,,,,,,,,,,,,,,,,,
9,06/27/22,40.23605,-82.89748,4479056.5975327,-17728942.527533,01:15:00 PM,Little Walnut Creek,Downstream,"BL, KM",0,3,1,19.7,994,1420,707,,,,,,,,,,,,,,,,,,,,,,,,,,,,,,,,,,,,,,,,,,,,,,,,,,,,,,,,,
9,07/18/22,40.23605,-82.89748,4479056.5975327,-17728942.527533,01:20:00 PM,Little Walnut Creek,Downstream,"BL, CH",3.32,4,3,22.2,273,391,186,,,,,,,,,,0.06,20,,,6,0.12,61.1,200.1,7.2,0.003,0.021,5.3,9.31,0.065,3.03,0.2,5.2,31.27,0.003,<0.001,0.001,0.03,0.71,<0.001,0.003,0.008,0.043,0.007,0.002,0.001,0.18,0.0054,0.0014,<0.0001,0.0001,0.0002,0.00001,0.02,0.0016,na,0.001,bdl,,,,,,
9,07/29/22,40.23605,-82.89748,4479056.5975327,-17728942.527533,02:45:00 PM,Little Walnut Creek,Downstream,"KM, CO",0.14,2,0,24,994,1420,707,,,,,,,,,,,,,,,,,,,,,,,,,,,,,,,,,,,,,,,,,,,,,,,,,,,,,,,,,
